{"size":1000,"innerLabelRadius":52.650000000000006,"playbackStartMagnitude":956.2375,"playbackDistance":354.952775,"totalTurns":4}