{"size":1000,"innerLabelRadius":52.650000000000006,"playbackStartMagnitude":964.99,"playbackDistance":361.76222,"totalTurns":5}